Model,Mean Squared Error,R2 Score
Linear Regression,622.36385131161,0.6943488059944707
Decision Tree,818.8607543333334,0.5978465542965209
Random Forest,455.7343877474334,0.7761827595371728
